{"cameraMode":{"drawMode":0,"name":"Shaded","section":"Shading Mode"},"sceneLighting":false,"audioPlay":false,"sceneViewState":{"m_AlwaysRefresh":false,"showFog":true,"showSkybox":false,"showFlares":true,"showImageEffects":true,"showParticleSystems":true,"showVisualEffectGraphs":true,"m_FxEnabled":true},"in2DMode":false,"pivot":{"x":-34.06549835205078,"y":2.174499988555908,"z":2.1524999141693117},"rotation":{"x":0.26116690039634707,"y":0.02458283305168152,"z":-0.00675960211083293,"w":0.9650024771690369},"size":34.770137786865237,"orthographic":false}